Datetime,Water Level (m)
2026-07-31 18:00:00,0.16795607
2026-07-31 19:00:00,0.19471076
2026-07-31 20:00:00,0.24832709
2026-07-31 21:00:00,0.30429995
2026-07-31 22:00:00,0.35597593
2026-07-31 23:00:00,0.39267662
2026-08-01 00:00:00,0.40297115
2026-08-01 01:00:00,0.39479014
2026-08-01 02:00:00,0.3778724
2026-08-01 03:00:00,0.35783228
2026-08-01 04:00:00,0.334672
2026-08-01 05:00:00,0.3098916
2026-08-01 06:00:00,0.2890806
2026-08-01 07:00:00,0.31805882
2026-08-01 08:00:00,0.37669724
2026-08-01 09:00:00,0.44089484
2026-08-01 10:00:00,0.50197965
2026-08-01 11:00:00,0.553509
2026-08-01 12:00:00,0.576634
2026-08-01 13:00:00,0.57695454
2026-08-01 14:00:00,0.5655817
2026-08-01 15:00:00,0.5481319
2026-08-01 16:00:00,0.5282301
2026-08-01 17:00:00,0.50572246
2026-08-01 18:00:00,0.483449
2026-08-01 19:00:00,0.47598037
2026-08-01 20:00:00,0.52423406
2026-08-01 21:00:00,0.5816272
2026-08-01 22:00:00,0.6367946
2026-08-01 23:00:00,0.68410736
2026-08-02 00:00:00,0.7058663
2026-08-02 01:00:00,0.69990736
2026-08-02 02:00:00,0.68438107
2026-08-02 03:00:00,0.663902
2026-08-02 04:00:00,0.64145225
2026-08-02 05:00:00,0.61667526
2026-08-02 06:00:00,0.5929024
2026-08-02 07:00:00,0.5841374
2026-08-02 08:00:00,0.6318302
2026-08-02 09:00:00,0.6934254
2026-08-02 10:00:00,0.7530667
2026-08-02 11:00:00,0.8076495
2026-08-02 12:00:00,0.8425735
2026-08-02 13:00:00,0.84877515
2026-08-02 14:00:00,0.8408311
2026-08-02 15:00:00,0.8255506
2026-08-02 16:00:00,0.80642533
2026-08-02 17:00:00,0.7854871
2026-08-02 18:00:00,0.76309896
2026-08-02 19:00:00,0.7430729
2026-08-02 20:00:00,0.7588029
2026-08-02 21:00:00,0.8103774
2026-08-02 22:00:00,0.8659411
2026-08-02 23:00:00,0.9165165
2026-08-03 00:00:00,0.9519426
2026-08-03 01:00:00,0.9574095
2026-08-03 02:00:00,0.94481605
2026-08-03 03:00:00,0.92720926
2026-08-03 04:00:00,0.9065631
2026-08-03 05:00:00,0.88350093
2026-08-03 06:00:00,0.8591126
2026-08-03 07:00:00,0.8378108
2026-08-03 08:00:00,0.8508478
2026-08-03 09:00:00,0.90392923
2026-08-03 10:00:00,0.9648004
2026-08-03 11:00:00,1.020154
2026-08-03 12:00:00,1.0624901
2026-08-03 13:00:00,1.0751995
2026-08-03 14:00:00,1.0665104
2026-08-03 15:00:00,1.0527483
2026-08-03 16:00:00,1.0354205
2026-08-03 17:00:00,1.0149956
2026-08-03 18:00:00,0.99366695
2026-08-03 19:00:00,0.97184074
2026-08-03 20:00:00,0.95702505
2026-08-03 21:00:00,0.9851539
2026-08-03 22:00:00,1.0340551
2026-08-03 23:00:00,1.0864271
2026-08-04 00:00:00,1.1296452
2026-08-04 01:00:00,1.1500955
2026-08-04 02:00:00,1.1440105
2026-08-04 03:00:00,1.1300315
2026-08-04 04:00:00,1.1116661
2026-08-04 05:00:00,1.0915626
2026-08-04 06:00:00,1.0707227
2026-08-04 07:00:00,1.0503416
2026-08-04 08:00:00,1.0392293
2026-08-04 09:00:00,1.071033
2026-08-04 10:00:00,1.1237713
2026-08-04 11:00:00,1.1787771
2026-08-04 12:00:00,1.2279075
2026-08-04 13:00:00,1.2549033
2026-08-04 14:00:00,1.2520534
2026-08-04 15:00:00,1.2362834
2026-08-04 16:00:00,1.220769
2026-08-04 17:00:00,1.2024239
2026-08-04 18:00:00,1.1812928
2026-08-04 19:00:00,1.1595135
2026-08-04 20:00:00,1.1385947
2026-08-04 21:00:00,1.1374613
2026-08-04 22:00:00,1.1722474
2026-08-04 23:00:00,1.2188274
2026-08-05 00:00:00,1.264724
2026-08-05 01:00:00,1.2995063
2026-08-05 02:00:00,1.307328
2026-08-05 03:00:00,1.296735
2026-08-05 04:00:00,1.2830396
2026-08-05 05:00:00,1.2650506
2026-08-05 06:00:00,1.2447778
2026-08-05 07:00:00,1.2255447
2026-08-05 08:00:00,1.2091972
2026-08-05 09:00:00,1.2115518
2026-08-05 10:00:00,1.2483944
2026-08-05 11:00:00,1.2981418
2026-08-05 12:00:00,1.3448397
2026-08-05 13:00:00,1.3790398
2026-08-05 14:00:00,1.3881836
2026-08-05 15:00:00,1.3814608
2026-08-05 16:00:00,1.366771
2026-08-05 17:00:00,1.3492748
2026-08-05 18:00:00,1.328299
2026-08-05 19:00:00,1.3051912
2026-08-05 20:00:00,1.2825178
2026-08-05 21:00:00,1.2624912
2026-08-05 22:00:00,1.2683192
2026-08-05 23:00:00,1.298634
2026-08-06 00:00:00,1.3368196
2026-08-06 01:00:00,1.3746749
2026-08-06 02:00:00,1.4028258
2026-08-06 03:00:00,1.40647
2026-08-06 04:00:00,1.3993295
2026-08-06 05:00:00,1.3852323
2026-08-06 06:00:00,1.3676783
2026-08-06 07:00:00,1.3491474
2026-08-06 08:00:00,1.3291874
2026-08-06 09:00:00,1.312996
2026-08-06 10:00:00,1.3157316
2026-08-06 11:00:00,1.3443595
2026-08-06 12:00:00,1.3809005
2026-08-06 13:00:00,1.4138267
2026-08-06 14:00:00,1.4318472
2026-08-06 15:00:00,1.4294337
2026-08-06 16:00:00,1.4195514
2026-08-06 17:00:00,1.4019012
2026-08-06 18:00:00,1.3803768
